{"schemaVersion":"1.0","appDefinitionTemplate":{"id":"/providers/Microsoft.PowerApps/apps/","type":"Microsoft.PowerApps/apps","tags":{"primaryDeviceWidth":"1366","primaryDeviceHeight":"768","supportsPortrait":"true","supportsLandscape":"true","primaryFormFactor":"Tablet","showStatusBar":"false","publisherVersion":"3.24054.19","minimumRequiredApiVersion":"2.2.0","hasComponent":"true","hasUnlockedComponent":"true","isUnifiedRootApp":"false","sienaVersion":"20240607T130522Z-3.24053.0.0"},"properties":{"appVersion":"2024-06-07T13:05:22Z","lifeCycleId":"Published","createdByClientVersion":{"major":3,"minor":24054,"build":19,"revision":0,"majorRevision":0,"minorRevision":0},"minClientVersion":{"major":3,"minor":24054,"build":19,"revision":0,"majorRevision":0,"minorRevision":0},"backgroundColor":"RGBA(0,176,240,1)","backgroundImageUri":"/7146436220200447491/N389f21ec-0a08-47cb-af59-f9f4e9f88973-logoSmallFile","displayName":"PT Crypto Nexa","description":"","commitMessage":"","appUris":{"documentUri":{"value":"/7146436220200447491/N5e4e318f-7c0c-4948-8d3b-8c29a63081aa-document.msapp"},"imageUris":[],"additionalUris":[{"isSolutionAware":false,"value":"/7146436220200447491/Nb34bb633-eea7-4b1c-9373-b7c4dfcb7320-identity.json"}]},"createdTime":"0001-01-01T00:00:00Z","lastModifiedTime":"0001-01-01T00:00:00Z","sharedGroupsCount":0,"sharedUsersCount":0,"connectionReferences":{"c93e655b-6fc3-4de0-8818-a64cb91818a2":{"id":"518235d8-e464-4f07-8936-b344790fa0d6","displayName":"SharePoint","iconUri":"https://connectoricons-prod.azureedge.net/releases/v1.0.1694/1.0.1694.3752/sharepointonline/icon.png","dataSources":["Pengajuan_Pembelian","Users","Pengajuan_Anggaran","Pengajuan_Cuti","Data_Gabungan"],"dependencies":[],"dependents":["079a00b8-3839-4637-b867-177998d02bd9","4c279399-fc89-478d-bdfd-7e1861847418","76de54ad-26f2-4620-8a99-3f69154dd38f"],"parameterHints":{},"parameterHintsV2":{},"isOnPremiseConnection":false,"bypassConsent":false,"dataSets":{"https://acmindonesia.sharepoint.com/sites/ABC599":{"dataSources":{"Pengajuan_Pembelian":{"tableName":"95ce79c0-bae1-4524-8251-085a8aa6324e"},"Users":{"tableName":"7cb453fc-be08-44a7-b6e1-d854b540cf90"},"Pengajuan_Anggaran":{"tableName":"fa5e5a9c-6139-4d40-b21c-ea0918530de3"},"Pengajuan_Cuti":{"tableName":"fb90e8ea-df7d-4022-b305-319102c2e235"},"Data_Gabungan":{"tableName":"3d5c7127-3a4c-4a12-a947-a1b33beb795d"}}}},"apiTier":"Standard","isCustomApiConnection":false,"actions":["providers/PowerPlatform.Governance/Operations/Read","providers/PowerPlatform.Governance/Operations/Write"]},"079a00b8-3839-4637-b867-177998d02bd9":{"id":"5a06b38f-9c7f-4f1d-80b7-d7ed7d323c4d","displayName":"Logic flows","iconUri":"https://connectoricons-prod.azureedge.net/releases/v1.0.1697/1.0.1697.3780/logicflows/icon.png","dataSources":["Angggaran_powerApp_Untuk_Manager_HR"],"dependencies":["c93e655b-6fc3-4de0-8818-a64cb91818a2","3bdc6bbe-cecc-418f-8432-c6265391ffc5","c7ea3c85-d492-4d91-9b24-ad09bf4df053"],"dependents":[],"parameterHints":{"workflowName":{"value":"b4aaac2d-8be4-40be-a5f4-cd6ab81c98ff"},"workflowEntityId":{},"workflowDisplayName":{"value":"Angggaran_powerApp_Untuk_Manager_HR"},"c93e655b-6fc3-4de0-8818-a64cb91818a2":{"value":"shared_sharepointonline"},"3bdc6bbe-cecc-418f-8432-c6265391ffc5":{"value":"shared_approvals"},"c7ea3c85-d492-4d91-9b24-ad09bf4df053":{"value":"shared_office365"}},"parameterHintsV2":{"workflowName":{"value":"b4aaac2d-8be4-40be-a5f4-cd6ab81c98ff"},"workflowEntityId":{},"workflowDisplayName":{"value":"Angggaran_powerApp_Untuk_Manager_HR"},"shared_sharepointonline":{"value":"c93e655b-6fc3-4de0-8818-a64cb91818a2"},"shared_approvals":{"value":"3bdc6bbe-cecc-418f-8432-c6265391ffc5"},"shared_office365":{"value":"c7ea3c85-d492-4d91-9b24-ad09bf4df053"}},"isOnPremiseConnection":false,"bypassConsent":false,"dataSets":{},"apiTier":"Standard","isCustomApiConnection":false,"actions":["Run"],"nestedActions":[{"id":"/providers/Microsoft.PowerApps/apis/shared_sharepointonline/apiOperations/GetItem","apiName":"SharePoint","actionName":"GetItem","referencedResources":[{"key":"site","value":"https://acmindonesia.sharepoint.com/sites/ABC599"},{"key":"list","value":"fa5e5a9c-6139-4d40-b21c-ea0918530de3"}]},{"id":"/providers/Microsoft.PowerApps/apis/shared_sharepointonline/apiOperations/PatchItem","apiName":"SharePoint","actionName":"PatchItem","referencedResources":[{"key":"site","value":"https://acmindonesia.sharepoint.com/sites/ABC599"},{"key":"list","value":"fa5e5a9c-6139-4d40-b21c-ea0918530de3"}]},{"id":"/providers/Microsoft.PowerApps/apis/shared_approvals/apiOperations/CreateAnApproval","apiName":"Approvals","actionName":"CreateAnApproval","referencedResources":[]},{"id":"/providers/Microsoft.PowerApps/apis/shared_office365/apiOperations/SendEmailV2","apiName":"Office 365 Outlook","actionName":"SendEmailV2","referencedResources":[]}]},"3bdc6bbe-cecc-418f-8432-c6265391ffc5":{"id":"c7690d5c-40d7-4555-ac67-ab0de5b9db0c","displayName":"Approvals","iconUri":"https://connectoricons-prod.azureedge.net/releases/v1.0.1682/1.0.1682.3670/approvals/icon.png","dataSources":[],"dependencies":[],"dependents":["079a00b8-3839-4637-b867-177998d02bd9","4c279399-fc89-478d-bdfd-7e1861847418","76de54ad-26f2-4620-8a99-3f69154dd38f"],"parameterHints":{},"parameterHintsV2":{},"isOnPremiseConnection":false,"bypassConsent":false,"dataSets":{},"apiTier":"Standard","isCustomApiConnection":false},"c7ea3c85-d492-4d91-9b24-ad09bf4df053":{"id":"b414398f-a115-404e-896e-bf3c2b17f1fc","displayName":"Office 365 Outlook","iconUri":"https://connectoricons-prod.azureedge.net/releases/v1.0.1686/1.0.1686.3695/office365/icon.png","dataSources":[],"dependencies":[],"dependents":["079a00b8-3839-4637-b867-177998d02bd9","4c279399-fc89-478d-bdfd-7e1861847418","76de54ad-26f2-4620-8a99-3f69154dd38f"],"parameterHints":{},"parameterHintsV2":{},"isOnPremiseConnection":false,"bypassConsent":false,"dataSets":{},"apiTier":"Standard","isCustomApiConnection":false},"4c279399-fc89-478d-bdfd-7e1861847418":{"id":"5a06b38f-9c7f-4f1d-80b7-d7ed7d323c4d","displayName":"Logic flows","iconUri":"https://connectoricons-prod.azureedge.net/releases/v1.0.1697/1.0.1697.3780/logicflows/icon.png","dataSources":["Cuti_powerApp_Untuk_Manager_HR"],"dependencies":["c93e655b-6fc3-4de0-8818-a64cb91818a2","3bdc6bbe-cecc-418f-8432-c6265391ffc5","c7ea3c85-d492-4d91-9b24-ad09bf4df053"],"dependents":[],"parameterHints":{"workflowName":{"value":"2207a2e6-00e7-4793-afe2-18e407cd19ad"},"workflowEntityId":{},"workflowDisplayName":{"value":"Cuti_powerApp_Untuk_Manager_HR"},"c93e655b-6fc3-4de0-8818-a64cb91818a2":{"value":"shared_sharepointonline"},"3bdc6bbe-cecc-418f-8432-c6265391ffc5":{"value":"shared_approvals"},"c7ea3c85-d492-4d91-9b24-ad09bf4df053":{"value":"shared_office365"}},"parameterHintsV2":{"workflowName":{"value":"2207a2e6-00e7-4793-afe2-18e407cd19ad"},"workflowEntityId":{},"workflowDisplayName":{"value":"Cuti_powerApp_Untuk_Manager_HR"},"shared_sharepointonline":{"value":"c93e655b-6fc3-4de0-8818-a64cb91818a2"},"shared_approvals":{"value":"3bdc6bbe-cecc-418f-8432-c6265391ffc5"},"shared_office365":{"value":"c7ea3c85-d492-4d91-9b24-ad09bf4df053"}},"isOnPremiseConnection":false,"bypassConsent":false,"dataSets":{},"apiTier":"Standard","isCustomApiConnection":false,"actions":["Run"],"nestedActions":[{"id":"/providers/Microsoft.PowerApps/apis/shared_sharepointonline/apiOperations/GetItem","apiName":"SharePoint","actionName":"GetItem","referencedResources":[{"key":"site","value":"https://acmindonesia.sharepoint.com/sites/ABC599"},{"key":"list","value":"fb90e8ea-df7d-4022-b305-319102c2e235"}]},{"id":"/providers/Microsoft.PowerApps/apis/shared_approvals/apiOperations/CreateAnApproval","apiName":"Approvals","actionName":"CreateAnApproval","referencedResources":[]},{"id":"/providers/Microsoft.PowerApps/apis/shared_sharepointonline/apiOperations/PatchItem","apiName":"SharePoint","actionName":"PatchItem","referencedResources":[{"key":"site","value":"https://acmindonesia.sharepoint.com/sites/ABC599"},{"key":"list","value":"fb90e8ea-df7d-4022-b305-319102c2e235"}]},{"id":"/providers/Microsoft.PowerApps/apis/shared_office365/apiOperations/SendEmailV2","apiName":"Office 365 Outlook","actionName":"SendEmailV2","referencedResources":[]}]},"76de54ad-26f2-4620-8a99-3f69154dd38f":{"id":"5a06b38f-9c7f-4f1d-80b7-d7ed7d323c4d","displayName":"Logic flows","iconUri":"https://connectoricons-prod.azureedge.net/releases/v1.0.1697/1.0.1697.3780/logicflows/icon.png","dataSources":["Pembelian_powerApp_Untuk_Manager_HR"],"dependencies":["c93e655b-6fc3-4de0-8818-a64cb91818a2","3bdc6bbe-cecc-418f-8432-c6265391ffc5","c7ea3c85-d492-4d91-9b24-ad09bf4df053"],"dependents":[],"parameterHints":{"workflowName":{"value":"c91570ee-ad49-4905-bace-cb7dfe90c12c"},"workflowEntityId":{},"workflowDisplayName":{"value":"Pembelian_powerApp_Untuk_Manager_HR"},"c93e655b-6fc3-4de0-8818-a64cb91818a2":{"value":"shared_sharepointonline"},"3bdc6bbe-cecc-418f-8432-c6265391ffc5":{"value":"shared_approvals"},"c7ea3c85-d492-4d91-9b24-ad09bf4df053":{"value":"shared_office365"}},"parameterHintsV2":{"workflowName":{"value":"c91570ee-ad49-4905-bace-cb7dfe90c12c"},"workflowEntityId":{},"workflowDisplayName":{"value":"Pembelian_powerApp_Untuk_Manager_HR"},"shared_sharepointonline":{"value":"c93e655b-6fc3-4de0-8818-a64cb91818a2"},"shared_approvals":{"value":"3bdc6bbe-cecc-418f-8432-c6265391ffc5"},"shared_office365":{"value":"c7ea3c85-d492-4d91-9b24-ad09bf4df053"}},"isOnPremiseConnection":false,"bypassConsent":false,"dataSets":{},"apiTier":"Standard","isCustomApiConnection":false,"actions":["Run"],"nestedActions":[{"id":"/providers/Microsoft.PowerApps/apis/shared_sharepointonline/apiOperations/GetItem","apiName":"SharePoint","actionName":"GetItem","referencedResources":[{"key":"site","value":"https://acmindonesia.sharepoint.com/sites/ABC599"},{"key":"list","value":"95ce79c0-bae1-4524-8251-085a8aa6324e"}]},{"id":"/providers/Microsoft.PowerApps/apis/shared_sharepointonline/apiOperations/PatchItem","apiName":"SharePoint","actionName":"PatchItem","referencedResources":[{"key":"site","value":"https://acmindonesia.sharepoint.com/sites/ABC599"},{"key":"list","value":"95ce79c0-bae1-4524-8251-085a8aa6324e"}]},{"id":"/providers/Microsoft.PowerApps/apis/shared_approvals/apiOperations/CreateAnApproval","apiName":"Approvals","actionName":"CreateAnApproval","referencedResources":[]},{"id":"/providers/Microsoft.PowerApps/apis/shared_office365/apiOperations/SendEmailV2","apiName":"Office 365 Outlook","actionName":"SendEmailV2","referencedResources":[]}]}},"databaseReferences":{},"almMode":"Environment","performanceOptimizationEnabled":false,"canConsumeAppPass":false,"enableModernRuntimeMode":false,"executionRestrictions":{"isTeamsOnly":false,"dataLossPreventionEvaluationResult":{"status":"Compliant","lastEvaluationDate":"2024-06-07T13:05:32.0554023Z","violations":[],"violationsByPolicy":[],"violationErrorMessage":"The app uses the following connectors: shared_sharepointonline, shared_logicflows, shared_approvals, shared_office365."},"httpActionRestriction":{"appUsesSharepointHttpAction":false,"enforcementStrategy":"Legacy","evaluationTime":"2024-06-07T13:05:32.0551887Z"}}},"appType":"ClassicCanvasApp","appComponents":[]}}